nino12,nino34,cbm
21.223512649536133,26.192058563232422,12.660136222839355
